Rank,Address,DAOs
1,0x0000000000007f150bd6f54c40a34d7c3d5e9f56,48
2,0x11ededebf63bef0ea2d2d071bdf88f71543ec6fb,45
2,0x9008d19f58aabd9ed0d60971565aa8510560ab41,45
4,0x00000000003b3cc22af3ae1eac0440bcee416b40,42
5,0x1d6e8bac6ea3730825bde4b005ed7b2b39a2932d,40
5,0xbc147973709a9f8f25b5f45021cab1ea030d3885,40
7,0x000000005736775feb0c8568e7dee77222a26880,38
7,0x0000000099cb7fc48a935bceb9f05bbae54e8987,38
9,0x382ffce2287252f930e1c8dc9328dac5bf282ba1,37
10,0x66f049111958809841bbe4b81c034da2d953aa0c,34
10,0xd26a3f686d43f2a62ba9eae2ff77e9f516d945b9,34
12,0x562680a4dc50ed2f14d75bf31f494cfe0b8d10a1,33
12,0xdd9f24efc84d93deef3c8745c837ab63e80abd27,33
14,0x0000000000d41c96294ccdac8612bdfe29c641af,32
15,0x000000000000084e91743124a982076c59f10084,30
15,0x000000000035b5e5ad9019092c665357240f594e,30
17,0x0efb068354c10c070ddd64a0e8eaf8f054df7e26,29
17,0x00000000b7ca7e12dcc72290d1fe47b2ef14c607,29
17,0xbd1f7d88c76a86c60d41bddd4819fae404e7151e,29
17,0x68d36dcbdd7bbf206e27134f28103abe7cf972df,29
17,0x0093e5f2a850268c0ca3093c7ea53731296487eb,29
17,0x40ec5b33f54e0e8a33a975908c5ba1c14e5bbbdf,29
23,0xacf98af36845ec9aeda29feed2907ea287388cf3,27
23,0x68575571e75d2cfa4222e0f8e7053f056eb91d6c,27
25,0xced608aa29bb92185d9b6340adcbfa263dae075b,26
25,0x3d945da47eaef43c4257dded7431f637807a6a38,26
25,0x000000c52b33fa71614810224771dc8f3255b220,26
25,0x50c491ffda25f9e472d467d60835468c522e7d3a,26
29,0x75e89d5979e4f6fba9f97c104c2f0afb3f1dcb88,25
29,0x0d0707963952f2fba59dd06f2b425ace40b492fe,25
29,0xd041f2dc17323b6e6ab32e3887dc36b94e4c03fc,25
29,0x722e895a12d2a11be99ed69dbc1fedbb9f3cd8fe,25
29,0x46598afd5f964350a2bf58053a5de39bff019d88,25
34,0x482579f93dc13e6b434e38b5a0447ca543d88a46,24
34,0x910bf2d50fa5e014fd06666f456182d4ab7c8bd2,24
34,0x6f52a45c54518e5726dfd76d6472ce4f8cd3dc06,24
34,0xc4d57904c4435a9348b56051e4dea6055d85a6a9,24
34,0x911605012f87a3017322c81fcb4c90ada7c09116,24
39,0xbe7395d579cba0e3d7813334ff5e2d3cfe1311ba,23
39,0x839395e20bbb182fa440d08f850e6c7a8f6f0780,23
39,0x11b1785d9ac81480c03210e89f1508c8c115888e,23
39,0x88ad09518695c6c3712ac10a214be5109a655671,23
43,0x0000000094acb89a43eac2fbb3a07973efc2435c,22
43,0x253ff8d3b639243e2c9c4a36a4c461aa7fc5fe0d,22
43,0x1e34c4c920c1b6a397cab786ebfd83dcaee1ff64,22
43,0xbf5ae133b9a0fc1a07952a7df2afa21f7f69ef58,22
43,0x7cf09d7a9a74f746edcb06949b9d64bcd9d1604f,22
48,0x406cbfc2d391bed42078138165465128b4e0cb06,21
48,0x000000005804b22091aa9830e50459a15e7c9241,21
48,0x5b93ff82faaf241c15997ea3975419dddd8362c5,21
48,0x558247e365be655f9144e1a0140d793984372ef3,21
48,0x00000000e8b06d9bf77ba40fc89e4eaa4f225e5c,21
48,0x865c2f85c9fea1c6ac7f53de07554d68cb92ed88,21
48,0xcce8d59affdd93be338fc77fa0a298c2cb65da59,21
48,0xbf3f6477dbd514ef85b7d3ec6ac2205fd0962039,21
56,0x83c9440dc34da00c47a0d4dc2b598d7bdb1b53f7,20
56,0xebdb626c95a25f4e304336b1adcad0521a1bdca1,20
56,0x8d07d225a769b7af3a923481e1fdf49180e6a265,20
56,0xf3e36ad56aa85abdacc18c02d19509ae4f7d5899,20
56,0xc8d46eb7881975f9ae15216feeba2ff58e55803c,20
56,0xa15ca74e65bf72730811abf95163e89ad9b9dff6,20
56,0x7bfee91193d9df2ac0bfe90191d40f23c773c060,20
63,0x4ae26e87e97374f44fbf25eab31461256840520f,19
63,0x00000000dc0e59517a8114348d9130e7d3835832,19
63,0x21a31ee1afc51d94c2efccaa2092ad1028285549,19
63,0xa910f92acdaf488fa6ef02174fb86208ad7722ba,19
63,0x00000000e8080db3ed60313725643d38bec42071,19
63,0xdfd5293d8e347dfe59e90efd55b2956a1343963d,19
63,0x08e5f4670b8e70fe77d952ba0fbbf9f4762aaf73,19
63,0x8038629ae247aaa7fc7bc8586ca8faa7fa1520d1,19
63,0xae7861c80d03826837a50b45aecf11ec677f6586,19
63,0x6283511fc53c60c0a0a1848ac88ff46b5d2496ea,19
63,0xb9b93bf2db3678b010e71ef701d763aee144e93e,19
63,0xcdef4f34e5ceb46c7c55134cda34273349be65b7,19
63,0x28c6c06298d514db089934071355e5743bf21d60,19
63,0xff26d7d5710b916b62c8317c9228c06a38446203,19
63,0x66b1de0f14a0ce971f7f248415063d44caf19398,19
63,0x68a17b587caf4f9329f0e372e3a78d23a46de6b5,19
63,0x0000000000f4def5f3572c846b1483daf4588d8f,19
63,0x3a518964ff40ee733d30749a213d2e5c9ffb2b8c,19
63,0x00000000500e2fece27a7600435d0c48d64e0c00,19
63,0x6f1b12a415e035eebdc8559130ea8bdb96add48c,19
63,0x96c195f6643a3d797cb90cb6ba0ae2776d51b5f3,19
63,0x49307d775728daf1d4736ab762de0cefd035e323,19
85,0x1df428833f2c9fb1ef098754e5d710432450d706,18
85,0xe7d0ae1823582e5e6c3a0f9bb0526d380b16edf4,18
85,0x444a5e0d2515f322e7278f6ee95cb34d8de98f09,18
85,0x54becc7560a7be76d72ed76a1f5fee6c5a2a7ab6,18
85,0x000000917de6037d52b1f0a306eecd208405f7cd,18
85,0xc9b22861e6acf0fc2316eb7a7608e8d2be4847da,18
85,0xce7298e5ef1ae8af0573edc2ebd03ab0f837e214,18
85,0xb9ee1e551f538a464e8f8c41e9904498505b49b0,18
85,0x018d5c4783f5317815f6e8168942a12adde3cd3c,18
85,0x78c0a25ccc21604b3d117100de7c9523f53236c7,18
85,0x1f81b85bd58bba5878c45d28fab5877e22979134,18
85,0x3a70e8c00f3bcf3eb845b6b6928aba92b465c183,18
85,0x0000000000051666bbfbb42925c3ee5d50cf6b10,18
85,0x4d00af255c2886da69287c6fadf059ac874e1933,18
85,0x54c375c481f95ba43e2cecd6ef30631f55518f57,18
85,0xe04885c3f1419c6e8495c33bdcf5f8387cd88846,18
85,0xf6da21e95d74767009accb145b96897ac3630bad,18
102,0xc6e6dd6a0c61651d1bc055dc1c22418a729d41bb,17
102,0x83ab8e31df35aa3281d630529c6f4bf5ac7f7abf,17
102,0x32a59b87352e980dd6ab1baf462696d28e63525d,17
102,0x4d246be90c2f36730bb853ad41d0a189061192d3,17
102,0x8578ebedb49c18231ccaa41610ac5eda0a5d00ee,17
102,0xd83256a8bb182e7be2382550ed24861c71108d35,17
102,0xe33c8e3a0d14a81f0dd7e174830089e82f65fc85,17
102,0x0000000033431f236e97fa549b367827360effd7,17
102,0x4c39ada0340c1eb3cee343f44819323dd29081a9,17
102,0x0e5b28f75cc680192719d5498c85804b6c427493,17
102,0xdff92a1d3c7832cbcc762ee5f326679dd801648e,17
102,0x050f788d09395724777a67dd08be127cf70dd238,17
102,0xd3e9d60e4e4de615124d5239219f32946d10151d,17
102,0x2e3381202988d535e8185e7089f633f7c9998e83,17
102,0x00000000c9fdd743c60055c0e4ea30d266272c1f,17
102,0xfb239e0df3a98f6b728200c14cb364cfc61dc4bc,17
102,0x7136fbddd4dffa2369a9283b6e90a040318011ca,17
102,0xcff2d6bf21e6835a144ef668809adec4b4e9c395,17
120,0x6eff3372fa352b239bb24ff91b423a572347000d,16
120,0x000000000000000000000000000000000000dead,16
120,0x0000000000002d534ff79e9c69e7fcc742f0be83,16
120,0x7763d4ce482c35b59aa0fc48ae2eabd00f60b82e,16
120,0x388e07d4fc7f3e2c825e6cb1ff46447764798b24,16
120,0x44bdb19db1cd29d546597af7dc0549e7f6f9e480,16
120,0xfacef700458d4fc9746f7f3e0d37b462711ff09e,16
120,0x8f942eced007bd3976927b7958b50df126feecb5,16
120,0x693c188e40f760ecf00d2946ef45260b84fbc43e,16
120,0x0000000057a888b5dc0a81f02c6f5c3b7d16b183,16
120,0x00000000acd5ca17eee6d92d9ca121543126cce1,16
120,0xd6e371526cdaee04cd8af225d42e37bc14688d9e,16
120,0xc40037dbe19d0e208904a5cfbd8edaa34a87958a,16
120,0x92b406851390541f445b7c697014133d4b5bfce3,16
120,0x0a2a34cdfbade6634d902d0d0a8dc7533d26f7e3,16
120,0xada4389661b5aa5756636ca7d3c051c3d04edabb,16
120,0xf5fe364d18f4a5a53badce9a046ba74cfc97f6fb,16
120,0x59a5208b32e627891c389ebafc644145224006e8,16
120,0xc7807e24338b41a34d849492920f2b9d0e4de2cd,16
120,0x68e74e66b23c09fd7acca57bea1c6dd7fae8fe0a,16
120,0x6595732468a241312bc307f327ba0d64f02b3c20,16
120,0x2269a6beac4ba44931c12d61afe490cda64780b0,16
120,0xe93381fb4c4f14bda253907b18fad305d799241a,16
120,0x4a14347083b80e5216ca31350a2d21702ac3650d,16
120,0xbcc7f6355bc08f6b7d3a41322ce4627118314763,16
120,0x9ba3560231e3e0ad7dde23106f5b98c72e30b468,16
146,0x45544abf5936deb78490d38ec42b80757d16c014,15
146,0x0000000000003f5e74c1ba8a66b48e6f3d71ae82,15
146,0x851e931a6cabbdd5b17d0da2cd4b0edf11941968,15
146,0x137b4b67380f0f14321c413278fc2393c822cb55,15
146,0xa578aecb7ea35559fba631d7034da9ebd35d1cef,15
146,0x79bf225fbfd40f78b1878a6d1eec1bb03df92aeb,15
146,0xa7230946a4421a68efc625b9e420d916c3924722,15
146,0x773cd1eed5e018d1e4903dda602a28203a97cc57,15
146,0xcbd75d63f98c5ff5d7157edf06abef8a8325c24d,15
146,0x5169a46cf0b99c0c1e8d078d3b9f9b6ed9a215ea,15
146,0xf97b96d0749001d65c09e21a86a2ac156be704d0,15
146,0xf9107317b0ff77ed5b7adea15e50514a3564002b,15
146,0xdecd4b961b1984c44afbadbe2844777a627572aa,15
146,0xb9e29984fe50602e7a619662ebed4f90d93824c7,15
146,0x4f942119e6ab0a6e4368e795d1d64291a3ff0da4,15
146,0x1c4b70a3968436b9a0a9cf5205c787eb81bb558c,15
146,0x4c5472116fe8fdc491428899aa7f3b2d8e631896,15
146,0x485f5df0654c8405d6124821e95f093adec1b16b,15
146,0x856565db827588a88780454863f98a4a323e13aa,15
146,0x4322aa46ffed67809862da613725728e2fb8eae3,15
146,0xb71d05cf5cdf7a9b15b20b9aab5e91332c271c96,15
146,0x8705ccfd8a6df3785217c307cbebf9b793310b94,15
146,0xf977814e90da44bfa03b6295a0616a897441acec,15
146,0xfb2a52012f5e757ba748d1f8d7f582b8d1a613c0,15
146,0x259f35530902c36f15fbbbe05815da0ed93aceb5,15
146,0x0aaf72da643570da1bf76e8b3063c3f378b3d3d4,15
146,0x848f11e9c468be9ef6bf5f1daa742e6adf25d7a7,15
146,0x21b3c0662ff70674dcae175631efb11876d602b5,15
146,0xcc3e0238ab75ce515e7be86112c0f2386a672796,15
146,0x31c9967c964c1504d8781fb6ebe7f32f3a0134ea,15
146,0x00000000f515b28e81a0e98ea3f4f816ef7e62b2,15
146,0x6f9bb7e454f5b3eb2310343f0e99269dc2bb8a1d,15
146,0x00000000553a85582988aa8ad43fb7dda2466bc7,15
146,0xe49c9f7308404c1630129513c8d0da5cfec8e854,15
146,0x056590f16d5b314a132bbcfb1283fec5d5c6e670,15
181,0xebcc959479634eec5a4d7162e36f8b8cc763f491,14
181,0x5f350bf5fee8e254d6077f8661e9c7b83a30364e,14
181,0x477289df0b0437f0b595d8cca6c70935823f3d01,14
181,0x33100c8fc2ed4605e05ee9acfafd066d862b7ce4,14
181,0x4c5510d9e13089cbd198e44ac0877fb3bd30a8ac,14
181,0xa2dcb52f5cf34a84a2ebfb7d937f7051ae4c697b,14
181,0x81d98c8fda0410ee3e9d7586cb949cd19fa4cf38,14
181,0xdcb87abf8ada15ebb94b29526a152b29c27fba3b,14
181,0x193991827e291599a262e7fa7d212ff1ae31d110,14
181,0x653d63e4f2d7112a19f5eb993890a3f27b48ada5,14
181,0x6262998ced04146fa42253a5c0af90ca02dfd2a3,14
181,0x6977e753e022f65ebeb170d8267b2ea54a431523,14
181,0xca174f1b6707381d0f278d515bc3fe115f8c0b27,14
181,0x7f248e4301f5a16b2a8289989584a509f7157845,14
181,0x30043aabbcebbd887437ec4f0cfe6d4c0eb5cc64,14
181,0xdf67361193d52ee42cb759eb98ce2c7978dd440e,14
181,0x9116e82841267d01b9c49f0a19617083466cc000,14
181,0xde57844f758a0a6a1910a4787ab2f7121c8978c3,14
181,0x7aa9d09a6d283f5b5ec724d7dd8fa70673553183,14
181,0x7d3bf2cb39f5ceeeca91ecc8201dc01616ad089f,14
181,0xdea4b83a71bae99a4ddb4a42e2732c0be6d9fb48,14
181,0x000000000000294a0d3b43ec78199a84587ae012,14
181,0x187e3534f461d7c59a7d6899a983a5305b48f93f,14
181,0x350a36343ca0a7ba70853fcde30c8988d7a2c301,14
181,0x34cc54f3c65e6e6cfd1f05e2ad0540624a5eff24,14
181,0x3eae56964b8ce1cb52f395444c0f89577bd6bb49,14
181,0x473dff3f18d2b44e98129b7b1ef6f5a7d28b5270,14
181,0x5dd596c901987a2b28c38a9c1dfbf86fffc15d77,14
181,0x46340b20830761efd32832a74d7169b29feb9758,14
181,0x5acedba6c402e2682d312a7b4982eda0ccf2d2e3,14
181,0xa21df89c3f7375ebe7381cc858e0aa0b7c83aee0,14
181,0x0b5dd26f44d36141d97a3bf6841e7ba63c092af9,14
181,0x0000000000d1d773661e4b2102bbe07d4dcde777,14
181,0x2fbc3ef1906d098cbb34fca099095f9788570327,14
181,0x05a1ff0a32bc24265bcb39499d0c5d9a6cb2011c,14
181,0x2ed849173c7a54f45f849675a71b62c0c83246d9,14
181,0x6d9893fa101cd2b1f8d1a12de3189ff7b80fdc10,14
181,0x98dca2b9cd7d5ae63f87e36809a352140873ba9d,14
181,0xd03ad690ed8065edfdc1e08197a3ebc71535a7ff,14
181,0x294388d7f62065784666f797ca6919a4b8cef4ab,14
181,0xad4489f64a8be791294116d3e99d2721c7f0a72a,14
181,0x0000001ea7022cd5d3666beb277c9dc323adc3d9,14
181,0x7558899d8109d8a2ce457837ade56c3d6ebfe90d,14
181,0xbfab3fa9fbc422e9202558b3c51c2d1d0b2ba551,14
181,0x022a29ebe2be30f0c7ffc7dc9c51ffd3714762d0,14
181,0xf286e07ed6889658a3285c05c4f736963cf41456,14
181,0xee61f5fb0db81d3a09392375ee96f723c0620e07,14
181,0x9cd83be15a79646a3d22b81fc8ddf7b7240a62cb,14
181,0xa1d8d972560c2f8144af871db508f0b0b10a3fbf,14
181,0xf73c3c65bde10bf26c2e1763104e609a41702efe,14
181,0x6a8e3246127ebf21819e2cce7655d60927abaa90,14
181,0xa12431d0b9db640034b0cdfceef9cce161e62be4,14
233,0x0000000089341e263b85d84a0eea39f47c37a9d2,13
233,0x10d6d2e343281d388291a3e02f3293aaeda67178,13
233,0x154b0b91d55759936f8189205c821a63a9433d58,13
233,0x6e58bdee94a421f967ad93a0c937681e9c75aafc,13
233,0x6b54442167391f97f26b6bd167f4ecbede1a2b3e,13
233,0xf44b52c11b1c800722e8fdf4aa7f3076339e73c4,13
233,0xa83c572c8072f3b11562f08b89d4f3077682acdb,13
233,0xafd5f60aa8eb4f488eaa0ef98c1c5b0645d9a0a0,13
233,0xd5417e96dd04363c675e41ee6f30bf788412c719,13
233,0xa3564677fc4907a15c9a7eae1dbc1ae9ac57b8e1,13
233,0xaa01dec5307cf17f20881a3286dcaa062578cea7,13
233,0xf7ae063de5ef4bcbb98b2bd27afb66c59d885fc0,13
233,0xa4dc2788bcc832095bba2b148a5d98d0dca270a6,13
233,0xf4a5df4fed739353814383bcbd03afbab4d55830,13
233,0xb10e56edb7698c960f1562c7edcc15612900c4a5,13
233,0x6cc5f688a315f3dc28a7781717a9a798a59fda7b,13
233,0x6dc43be93a8b5fd37dc16f24872babc6da5e5e3e,13
233,0x136fdadd377fc44c7b0459bf031d9527578ec802,13
233,0x0000006daea1723962647b7e189d311d757fb793,13
233,0x000000003a7cd5b15e460f73976b267544726f5f,13
233,0xc68af99169dd51e38b9f35c048e08372e82e7d81,13
233,0x0000000000884a0e1fb44f9e24fa3bdb19514fae,13
233,0x87ad8d0021d167b1c106c949f8788f482700d6b7,13
233,0xeb51ed1975a2988622f56cef9747d86d1c84a12f,13
233,0x42add773b02585dbaf024db751d8944618ada20a,13
233,0xbfd5699bf0c57e6201146fd33f057364f9e1a17c,13
233,0x19b570af5dddb8f0f5a15c83d07a1c5153865188,13
233,0x2206445d241ccb7dae93b2d2acfc67f75b90fd76,13
233,0x9b616ac1d31f17be9b23560d93699ca7732e2808,13
233,0xd9cfab54f1234aeea22b2818ab919866a2809c1c,13
233,0xb7d49adb031d6dbdf3e8e28f21c6dd3b6f231cd5,13
233,0xe2cea50ba5a302a691b93692e74786d6484db295,13
233,0x69034dcbbc9199160d73039f0d757237694d5d31,13
233,0x652151c8521a46bea762624726214fadd2e666cc,13
233,0xb40ff1ca580090b386048228ae7140b0dde7f1c5,13
233,0x005b0743d8b2ed646499dc48b64b95e71b8afa43,13
233,0xb79223e868871dbac27e8e301f73734abd4cc628,13
233,0xd84e11bee5d555ccd905817cb8cbbd5b6e6c4f0d,13
233,0xcf88fa6ee6d111b04be9b06ef6fad6bd6691b88c,13
233,0xcfe4f81d1decbe165a044c1cdfaa473fd4f08715,13
233,0x0056d1fd2ca3c0f3a7b6ed6cdd1f1f104b4bf9a9,13
233,0xd1570080bcb784b4f5e378dfd4cdffdfd6c110f6,13
233,0x6439543a2ff1d78d25abdc8daa75bb004e210183,13
233,0x217c70a564a9bc0572426fc068eff0caf70e6b41,13
233,0x1eb97c580dac58219cdbc5497aa861dba6f31ab5,13
233,0x196a37946c3d93e9a5309f539ae28b774a32411f,13
233,0x197a78fe1bd3bbb64c1325c027bde8f67bac1770,13
233,0x8f08ee5e3e44bdc28127e050fcb13f5e4671433d,13
233,0x8ce6e1a223b329a76e8b5e696edc562aabb349e1,13
233,0xb0e83c2d71a991017e0116d58c5765abc57384af,13
233,0x8c80c1fe10912398bf0fe68a25839defcaef588e,13
233,0x90eaf9830209b53336415a08c8f1cf195a8729d9,13
233,0x4d477f1aabcfc2fc3fc9b802e861c013e0123ad9,13
233,0x63dae0946a44eeead00c8b30ec206fda63f7dfe1,13
233,0x855a5b16782304d3382dd764ef69a10efbeb9a77,13
233,0x489f19cc48795c651a9876c80765f8f051cc36de,13
233,0xe5241e2dcaff3ef070fd161b37f93480bd81d6aa,13
233,0x3e0cf03f718520f30300266dcf4db50ba12d3331,13
233,0x2c123fc5c27888571cd525e8ae9b0c5ff848386d,13
233,0x2e465ddca6d2c6c81ce6f260ab13148d43e93371,13
233,0x2bd581ed4f840a5493552551bc7db6d074c0a594,13
233,0x2ef869f0350b57d53478d701e3fee529bc911c75,13
233,0x0000007c68390193776e8b44df3b698d311070b9,13
233,0xc0682d80cb3c6bc921f3f4672f814b6b4d476a70,13
233,0x98d33aeba642151d5fb53e7966d4a0121093e478,13
233,0xb5b98e2a841de3b5ac48d9a55869bf7f486173eb,13
233,0x96efb884224b41b09cfd6f4a06f9e35e59dd69b4,13
233,0xc1f3ebe56fe3a32adac585e7379882cf0e5a6d87,13
301,0xba333f8ff556bf35d38e102a98daf1c5f6d9d708,12
301,0x4fa4167b3c94a80416bbc768fb919bf3ace9f8c2,12
301,0x1892b15cece1471494af00e7552693f3facc8ec8,12
301,0x820f92c1b3ad8e962e6c6d9d7caf2a550aec46fb,12
301,0x1ba2a537a771aa4eac2f18427716557e4e744864,12
301,0x4952f5dde00a0677365e42d33bcc5a8abd4e2b43,12
301,0x252d95edd1fa68bcdca548df93a2738294357188,12
301,0xeaa6cb80a5593e14c5a5fd38ae3d16dcb5ef75f5,12
301,0x5be10f3434bc1ac6c0a34f86da39ea0095392f21,12
301,0x866eacc78089e7e082f908fdc672de0c0eacf144,12
301,0x5e7b645d5bf86750cb1913122ba8a8545e2a9fd1,12
301,0x2e1bbb7c78a5a534df2442909ab14ce370431e76,12
301,0x4906e4f95ad546ce865916f65c825e00630bffa8,12
301,0x461e76a4fe9f27605d4097a646837c32f1ccc31c,12
301,0x67c7530b9dbfbb29986d0f21147335ade917b1c2,12
301,0x42d0d8bbd84bce3cebea8c8c9b4eaee8e8196950,12
301,0xd0dc07b98769f23a7bdbef15a35faa256cb65dcf,12
301,0xe085327c5ad2f77147f10973fed45fb19d734f7e,12
301,0xffadc07f1bfb127f4312e8652fe94ab0c771b54d,12
301,0xdc4471ee9dfca619ac5465fde7cf2634253a9dc6,12
301,0xc0b9791a3727f391315c31cce79796421f85bbf8,12
301,0xc8a317e4976016db2e0cbc403a7df0052956820d,12
301,0xf5bce5077908a1b7370b9ae04adc565ebd643966,12
301,0xf7db5f24196c2eb20864cdb6816b6d164ed240d3,12
301,0xa7499aa6464c078eeb940da2fc95c6acd010c3cc,12
301,0xa4c6db0a39db92b006bfb7b96617e960d80c4d22,12
301,0x15c6ac4cf1b5e49c44332fb0a1043ccab19db80a,12
301,0x778549eb292ac98a96a05e122967f22efa003707,12
301,0xaabd5fbcb8ad62d4fbbb02a2e9769a9f2ee7e883,12
301,0x0ddbdef89e42fa1bfa468ce1361cb6959f15302d,12
301,0x0f7c548c3c100e1ad6a1f092d95884cc4dcef4bb,12
301,0x1027b7aa689ea0c4b48b17d85b2a5093ee8f051e,12
301,0x716722c80757fff31da3f3c392a1736b7cfa3a3e,12
301,0x6c5fe0c4f7443691397e744806684486040c00a4,12
301,0x1234ae518477c762855de7d6ec21caa1955a2175,12
301,0x0267940d1897b150ac9601ef00d0e38a5fda3011,12
301,0x750c31d2290c456fcca1c659b6add80e7a88f881,12
301,0x6a99e8961055b505d8d62c447220bb341ad769ee,12
301,0x6c15b41105a01119211a9a9afb081e9d6a82b6ab,12
301,0x000f4432a40560bbff1b581a8b7aded8dab80026,12
301,0x74f011a94daabc99439b08bb542c7ea8764b6701,12
301,0x9492510bbcb93b6992d8b7bb67888558e12dcac4,12
301,0x0154d25120ed20a516fe43991702e7463c5a6f6e,12
301,0x00000000b1786c9698c160d78232c78d6f6474fe,12
301,0x0000f079e68bbcc79ab9600ace786b0a4db1c83c,12
301,0x00000000008c4fb1c916e0c88fd4cc402d935e7d,12
301,0xf8fe281a44def550c620882364e4a00f2ea80218,12
301,0x00000000cd47aa64daf64f5144b0d7885754374c,12
301,0x0000000000000eb4ec62758aae93400b3e5f7f18,12
301,0xd6fd705ee0b31a9300d3e2154bcce777270cbb6f,12
301,0x0000000000007673393729d5618dc555fd13f9aa,12
301,0x081a42b92d8b1745f7212d4c7303f24b11fddccf,12
301,0xfa45d06f58a59f2775796ea6098e780ae87640f1,12
301,0x135df8445ffb50a6c3d1c416e88b0f48f04627ef,12
301,0xbf022b19a5d389b0129bc6d0856051ad4838f986,12
301,0xdd46e179320c6c753833102f7f266742787a20c8,12
301,0xdcabc755fb10931e6d8059113f762cd8a6813deb,12
301,0xfdea75ba02d3010e0353c53db4730ebb762131c0,12
301,0xc6c9d802bc16d8746aafcac4781f9a8d442d585d,12
301,0xd06cabfc3f5c313d93a11286158778c6888182f6,12
301,0x97b0309bb71772de0789f44049afe87b4fe41f1b,12
301,0xf196836b53e8f03e32f5186c7909acbb8b742615,12
301,0x43bc7667bf508ce3905dc0f492f106eae2800536,12
301,0xd11e3e8815ab3bc592a032bd1b56b01a89d83a66,12
301,0x12cff71edfc4e16eec6373f1fb37c5cf3ca71c19,12
301,0x42b2c65db7f9e3b6c26bc6151ccf30cce0fb99ea,12
301,0x41bbc29a62d831c77cc2ce2c3b0980cb13a78952,12
301,0x4714efb0a03b5f78cc7bab887494ba1f0b89fc11,12
301,0x447a24d43e2a06dab0528b550b5c088559fe10a2,12
301,0x3dcb8273c23296654a4f372e8f8184ab2fc60fb0,12
301,0x55691272f38bbd1465db1dedf0d18d02a620acee,12
301,0x86be7c25942c83584f257629048a89cef316f0bf,12
301,0x828355119398b77d364f41ef6533dad936d5b5c1,12
301,0x887c3599c4826f7b3cde82003b894430f27d5b92,12
301,0x5ea7ea516720a8f59c9d245e2e98bca0b6df7441,12
301,0x5c703f5131bb3268e0dc32913a3c0994eda215fe,12
301,0x9583648c314cdf666f4f555299db3b36f5d5b2f9,12
301,0x2b19fde5d7377b48be50a5d0a78398a496e8b15c,12
301,0xebec26064b5fcfe148b7f28a9c22d1b52f1e5b8b,12
301,0x23be060093db74f38b1a3daf57afdc1a23db0077,12
301,0x2381fd11cb4ddcf14359e78afe382ae0cdda2901,12
301,0xe957b0829c6ae6ac461d7365b7927e1ff604114b,12
301,0x8f9be4310f9abb0e5843cc6363908c9b01dfeb3f,12
301,0x8da02d597a2616e9ec0c82b2b8366b00d69da29a,12
301,0x8b1ea47e37a70e7feefc6a6945a4a7272a7934db,12
301,0x5a0f2c1d8e563db79ee40f979f6bcd0d27f86f80,12
301,0x3627385f066ae097b7f42f43ca41e812ae0ade56,12
301,0x1d5e65a087ebc3d03a294412e46ce5d6882969f4,12
301,0x18a428ce0c31584a21cf8cefdb8849d8013e1994,12
301,0x9ee1830ff376758c5ecc7fb465f3b14d64116d71,12
301,0x9ffd0a5b5438b95861167422e745d34d151bcc3b,12
301,0x9cc5be83b211620cfe23e25bc65d6da6751bcf09,12
301,0xa0204dc8b4e33bd976df5f7a2e6a0e9f019db621,12
301,0x9ac9c636404c8d46d9eb966d7179983ba5a3941a,12
301,0x4af234c09b770001e21d7c16373c02703b2f1b8b,12
301,0x3839acf1ee7699d1f46b1be840d8ad8317fdf757,12
301,0xba9be4236bf5ee96d569937bdd4fa92f1a568a21,12
301,0x99998044c990dae1c8218c78f3470e14d5d491a2,12
399,0xf8bb59d6ca8355e9d0f2a584605dcb7cb77564d4,11
399,0xf60f6d5acfaae09e666f0efac21b29290e4a9109,11
399,0xfbe300db166b41e554a9d7820fd7183977dee24e,11
399,0xc3c8fa59452f6d257cfcd6d04c2d469918a1792a,11
399,0xc4798b79d22630cee83b4ecb0fd98cd5ff0fbb62,11
399,0xc4d9d1a93068d311ab18e988244123430eb4f1cd,11
399,0xca50cc37abaa58d19e3a23ccb086f17f8384cb3c,11
399,0x4abd7202eff452ff57f415c0475a0654b8380ed2,11
399,0x4e9b72fec7cd63e5017d7375b6a68edf7404b186,11
399,0x30eb4c1a534351662c1ae273b8986862b60fa079,11
399,0x3328f5f2cecaf00a2443082b657cedeaf70bfaef,11
399,0xa6a97c1e6f99c64579d2e576c0c3af4304ee314d,11
399,0x261e1fbc2d5c7200de55289dfab9ebbc5fd585be,11
399,0x24435205eaf97df22b6f2a2463ba039497596ba4,11
399,0x8e6de63ea7669da79441bf7f2190b8b62ec327bd,11
399,0xba42c753ebe92f78e11cc1902591a91d4a52d343,11
399,0x1da75fb0da32653fdab9ddecdb42f2ed61f8a28b,11
399,0x136c9b24233cdf9952dae48ac64c771bcb3c9c7c,11
399,0x1d15395f781e9e13bf77fc34f1663d6d3543c7fe,11
399,0x18c0ca3947e255881f94de50b3a906fc2759f7fe,11
399,0x1dc9ee19bc6ece2df030eb1f4f5d775e817d798d,11
399,0x2fcc020f72e5d2edd2a24d04f3dc90d7fdfbd1dd,11
399,0x061716a85aba5e37626e4a2c33596d59823d30b8,11
399,0x2b7de7118763beab35e5b48e89c8ab4eb37e2756,11
399,0x2b49f133cc7666147d96eb749a5291042f72fca7,11
399,0x8a066298d08b16960494f10ce2a74f9f5a02812c,11
399,0x597f5361e72bda734fa832e7259965f7fe6f0162,11
399,0x8540f80fab2afcae8d8fd6b1557b1cf943a0999b,11
399,0x84c4b427c73fa3c8fc068df420e8910c7b1d851c,11
399,0x4282ec9835edad61b9a58fa02b78369d0978c430,11
399,0x4194ce73ac3fbbece8ffa878c2b5a8c90333e724,11
399,0x4925c8d00e2c94dd9b00d299b249d3fa6e1c2bf4,11
399,0x674bdf20a0f284d710bc40872100128e2d66bd3f,11
399,0xde71d6b5d0b14eb1e0fbf2fbc835b0451534af07,11
399,0x3af503a5197e6ce5017e5dfa39d3e751293108de,11
399,0x5bb3e1774923b75ecb804e2559149bbd2a39a414,11
399,0x5ce259aedcd14038ad2c35ecaa7b6b2974d339ac,11
399,0x5f4f120d8435ea38f0f4635a910fee03801be88d,11
399,0x60303dae1c3bded0bae1d070271eff3a2d7de08d,11
399,0x3dbe953eddb69dbd611e1fcd59d4bdefa5acb439,11
399,0xe22619f6d538de6e0b6c1845174d45e90cbd3576,11
399,0xe264886feb92e9c6a92fa196dfdc09d330b66c17,11
399,0x3c922da1d136b7c247788274fa822afc4cabf1c7,11
399,0xdd01596074fa8e2a2f84d10d89090ae4543ea20b,11
399,0x3a9e6cf4e3157670a3b991c25d6f4fcbd9419c03,11
399,0xeed7e1c7c9c68611584e8f6230178ce0a48eef7f,11
399,0x81ce8ff5447539f575cf28cd8b1cf7560138d6df,11
399,0x5d3260514f59bb459f639c8dabd93649bfa8d995,11
399,0x3dfcd92c8c8201ddf0f48a55964bb86130f0a107,11
399,0xefd0199657b444856e3259ed8e3c39ee43cf51dc,11
399,0xf0b980b6e752c79bcaa11a777097921037a98548,11
399,0xed02f16a57c32a08b55d923bf4690d200722f462,11
399,0x62d6019237378ed44e67652c94fae7fda2cdf4fd,11
399,0x47b0f09d54af9de6f375ce6638436ca1cad21a4b,11
399,0xf01b0ddebd3c22125ac691489a856d7e562ba534,11
399,0x76bc4c780dd85558bc4b24a4f262f4eb0be78ca7,11
399,0x61c4a38d7e9ea4095fa7d507cf72bf61eb5e1556,11
399,0x870727673af0b5c68d1b940dea139752d96bbc60,11
399,0x7404becad09351583443720f8f520f689e93359e,11
399,0x7285502ed0a0ed25f65941e480bda7114492acf9,11
399,0x6cc8dcbca746a6e4fdefb98e1d0df903b107fd21,11
399,0x78b3367b0f547cd16bac453f788956afce92447b,11
399,0x891bad61014e35395474a260b58bb6df4fd8991b,11
399,0x6bcaa539ab97db627967c4bcffe83572895f6638,11
399,0x6ab791754298d6d6d7c182dc1572126b4ed24897,11
399,0x5802aaf121fb77530d8190cbcbda4ac8451c47aa,11
399,0x69fb8c626bc66ac5c6282768b96cd9fabe60efb8,11
399,0x00000000726422a6fecb4759b44d47e48cf746aa,11
399,0x8958d239771b09ebd25ef59de325e52267343b48,11
399,0x2a08fecb8ac932cb7d3f6a3a0e434a4b9968dd56,11
399,0x0000000071e801062eb0544403f66176bba42dc0,11
399,0x0724ee5d148584c39425af7777a12bab54fa880a,11
399,0x00e22b85d329650e35a9d664b7c408a57820f13f,11
399,0x2ee8670d2b936985d5fb1ee968810c155d3bb9ca,11
399,0x58aa247c070e00a08aa89608fe4bcfcf8f023f87,11
399,0x0be5149120375a4b5ba59352d55173c9b0283c3d,11
399,0x0eabffd8ce94ab2387fc44ba32642af0c58af433,11
399,0x1b914ff417c8cc7cb0ead818aa8fae08604f0675,11
399,0x128e5625e15fdba91d6ccb1abdfdc62b5d152b4f,11
399,0x1dac51886d5b461fccc784ad3813a5969dd42e6f,11
399,0x29687e2a2b38bbc1f4f9069f1f24f13a3c83d27d,11
399,0x1d7b13d2c5c130e698dffaa11d76adabc787f269,11
399,0x1462f0c35a3e48027ad72bef4e3925aa4fb4a14d,11
399,0x13193666884537dd188b30c78f5d7a61fe5617af,11
399,0x11d0cb5c690bc838efc52c621f6b48040dd000f7,11
399,0xb66b58e836568543f45d86dab458df7a71ee35db,11
399,0x8abaf5733742b1506f6a1255de0e37aec76b7940,11
399,0xab6f255dac71103ea6d57b320eaf0eec901b05aa,11
399,0x8bbd6dece4191b5d1257676697ea7938e0c19362,11
399,0x22fa8cc33a42320385cbd3690ed60a021891cb32,11
399,0xb188daddde4df91fd4cc4aadc5334873099d4b94,11
399,0xb08f95dbc639621dbaf48a472ae8fce0f6f56a6e,11
399,0x901f253fc9fe429a3fbfb8a0a4a7280fb2a78b4b,11
399,0x20e13e46090bb00e1d5c233241f45c26b47cd866,11
399,0x93f3f612a525a59523e91cc5552f718df9fc0746,11
399,0x93f5af632ce523286e033f0510e9b3c9710f4489,11
399,0x98723710a60bf3d2e32c281d8209935e8925e0d7,11
399,0x979f575ef9b26b80179cbb223288f3ccc0212d89,11
399,0xa8f0493f916508c7c3e24711262487a0452a1837,11
399,0x4ada1b9d9fe28abd9585f58cfeed2169a39e1c6b,11
399,0xaa1a54bfa93be8ac8d01182827433f227ba59e17,11
399,0x2067bed542762d26e2755ce7d8776728f3429f48,11
399,0xa99c4f924a167cdec1486aa9920de70a48455ab2,11
399,0xcb1bef0c7a0248cc37b541dbd8103c2bff62e231,11
399,0x34e8db41c4ec274429d01597bc86aeed4d6e9b5e,11
399,0xd46f7c5b3661bb2e4a81cd1eeef7fa8acff43491,11
399,0x188c30e9a6527f5f0c3f7fe59b72ac7253c62f28,11
399,0xf70acf5136e01182d480de48b97608d134be0c8c,11
399,0xa21392dd4b12cb543fb6d1e4e8759b3ac6e55169,11
399,0x9dd2fff980a96934ca022f4fca2b6c2652bbbc4d,11
399,0xa0d1f848d57d3263058fca4dd6830821e7f790f0,11
399,0xf7aab787787631d5d180b54b83747e6654e8f6b6,11
399,0xa3a7b6f88361f48403514059f1f16c8e78d60eec,11
399,0xd4e171627383544c67ca90f5b4f77a784536b280,11
399,0xd4dcd2459bb78d7a645aa7e196857d421b10d93f,11
399,0xdbb28c659a243cd81f21f494bfd70ba7f9932a97,11
399,0xfcad3475520fb54fc95305a6549a79170da8b7c0,11
399,0xff16d64179a02d6a56a1183a28f1d6293646e2dd,11
399,0xd33814c56fdacdc7f084a5443d600ee5464452e7,11
399,0x9c3389d5c30b429abc2ba4e32c402300a067a6fc,11
399,0xfd72fac7d08f9912e5d02091417304d5a0072e2b,11
399,0xbdb8dfafc829964956bf6b4f8ab605edd2177225,11
399,0xd04fa81aa64f48fb02f51d46d7c05c1e900cb096,11
522,0xfe4d2cafaacb2ebdb00ae900d6a10a5fe0e91a7f,10
522,0x8d1b878509562fe8c097536e6e8da5bdeed05d1b,10
522,0x8ce17ff2c7376e9adfe9c63c47a801097fa6c525,10
522,0x8b5bbe26853b1367466b9ef2bb1a500f0f3e0dca,10
522,0xd47d5a295c29ada36874537cce25ff32fe23ab2e,10
522,0xd9df03411978ac98916be074ad05dde787b69608,10
522,0xd9d3dd56936f90ea4c7677f554dfefd45ef6df0f,10
522,0xd7dedcf8ffddceed9ad20a41a5f88dc1268b3ad4,10
522,0xd95417aa3023043931328d5a3baa6afd80379510,10
522,0xf92cd566ea4864356c5491c177a430c222d7e678,10
522,0xf6a6e46d322d74b53f2b938b1ab24f5e51f3d4f3,10
522,0xf93e2f0e3efe89b67bf324713b9f007771e39860,10
522,0xf5913759b449fae8900d61f7116d451d200c60f7,10
522,0xfa6afbdc71ab14d3b93a659e910895be78924d91,10
522,0xf5b18c7bb5d760a7c899e0c48d855dc5a49f1949,10
522,0xcd18eaa163733da39c232722cbc4e8940b1d8888,10
522,0xced29ba48490c51e4348e654c313ac97762beccc,10
522,0xd3802dce7f7a54d59e7a64329d287624ff3f495a,10
522,0xcff6ef0b9916682b37d80c19cff8949bc1886bc2,10
522,0x8b1196508c8fdcbadea9d2f2efda05437785ba58,10
522,0x8b8aa68c016be15f2920ebac6d3c996f6e88048f,10
522,0x8c779811306cee2fafc908c557ccb4be9ff20a01,10
522,0x8d12a197cb00d4747a1fe03395095ce2a5cc6819,10
522,0x90187c75000c36acdfe3d9fe78afb92d07331d4c,10
522,0x902a24c603676766ef67dc27f92a9b87ffe22982,10
522,0x925aa5516f419c97a8de5cda60237087dbe4fd50,10
522,0x91d2675470073d8281851cf7040c20ebee7b493c,10
522,0x8a867ff9e8123b9d44f233a21d64d3f751bdc8a6,10
522,0x922d745a071ade1f31e554d81056f111e938eb67,10
522,0x8a9e4ebedd76b07ca1b28718f9ec8408e65b8685,10
522,0x9224bbb4e0fbe2f2f8fab55debc41eb21fdfb804,10
522,0x8be87bacda6226e7ad58b3715b544460c7a946a0,10
522,0x8d21e3c8993633546e89cb4a24e5c0a5bc4d97e5,10
522,0xd3d555bb655acba9452bfc6d7cea8cc7b3628c55,10
522,0x284f15960617ec1b21e150cf611770d2ce8a4a88,10
522,0x27de0fa057415f722365e64a7005d80cb2f3be1f,10
522,0x26273e65aab399b7a2f5bd081f4569515effd050,10
522,0x2239135542266b1231754f7f560bf2639a7ddb9a,10
522,0x2ea5e9e452f85f55be47504153f25740a5f3d78a,10
522,0x3059aea6011d83bfdf2da7b4299da5d00d0f1237,10
522,0x297946c26171008ba8c0e5642814b5fe6b842ab7,10
522,0x2f05c805d62c9b4d498d1f3e4fe42c612f0be6b8,10
522,0x2a143a2f3bfd1874efd373e5c077748b6d9f5eb2,10
522,0x2e45e558f76eb181176a61b6207e94dd77316aa2,10
522,0x29bdb1b1d9c6ef658724ac9f4d8c1a7645f5787b,10
522,0x30a933add6fd601d152aa4aaf7620b5e27e88888,10
522,0xe94629793d7cd090bb863f185c29f4316eee0590,10
522,0xebe7ab193d2b623a28eb59d5f5cfb5df84cf61e1,10
522,0xe81b63111a88bf9a5b22832ef594ea7a2d487824,10
522,0x1e8ee48d0621289297693fc98914da2efdce1477,10
522,0x1dce25415d54e6bc694aafa6cd5e650d28bb786a,10
522,0x19a22b62bba26b3146d599be743a2d65bf5ace2a,10
522,0x1b72bac3772050fdcaf468cce7e20deb3cb02d89,10
522,0x1ccb144b700ec726d37db38c617e154de6d9c0d0,10
522,0x1a201469d96f7d443e71ee3997efdd6f2ed33f50,10
522,0x1d12d09793daf5eb834c8d29eb6a039c32b73813,10
522,0x38f8e58554373f1ebc7b5596f4d39ccb74ad060a,10
522,0x31a47094c6325d357c7331c621d6768ba041916e,10
522,0x388f6618f8e8901f9e569f2a51020e2e1ef652b7,10
522,0x344651a2445484bd2928eb46d2610daac1b42a66,10
522,0x35641673a0ce64f644ad2f395be19668a06a5616,10
522,0x385bae68690c1b86e2f1ad75253d080c14fa6e16,10
522,0x38297d80fc4b1b8cc4d442f5883e69d79117e641,10
522,0x36e0edc88cd1902f189ac922a4401cf4f389a110,10
522,0x374f5fa69b977964d5242c95cd2d31db663bddf0,10
522,0x445e633062b4e4cce9bb391c12a2c1a0e8f1f21d,10
522,0x48b72465fed54964a9a0bb2fb95dbc89571604ec,10
522,0x46331769a8a01947e07c310704893076a3409d36,10
522,0x6203af490feb5e5d66cf0c26bfb888e957563585,10
522,0x6777529d538c57d6cc6d46da4610758245470dab,10
522,0x68a7ac13477aad590982293feeeb786a00276cf2,10
522,0x66be278e9edf76ba60525db8472799d5660c7e8c,10
522,0x65f94b6a98262aeca705acce5cf859a0e7eb7485,10
522,0x624c1d1d9285395b192305e75ce277751beb617b,10
522,0x6280963fa8d14942b7ce63755c8de1adbaec0a14,10
522,0x6530f6568755c948f2c9504ff0adcb0a416036cd,10
522,0x61fd0d043d519f5a2bd05785000f30db96809429,10
522,0x64bdc09311843c81a3cc8a067ee4784c9bd3b189,10
522,0x632f93865823557466340e49bc120e3b668a2c2e,10
522,0x89d3aa6304fd41bd5c3379b3d8b9f77c84bd6cf9,10
522,0x8a333a18b924554d6e83ef9e9944de6260f61d3b,10
522,0x881d40237659c251811cec9c364ef91dc08d300c,10
522,0x8950d2e06f46cfa0dedc8f65e0ee99ba6a99edf7,10
522,0x88b0d3c996dc653e122fdc09555be1506fd1969d,10
522,0x598cb982319c821e82d46d9b507f9379c4b78516,10
522,0x5999865518c9de250b820762130ff7a7119a4558,10
522,0x60ab7a5534f4868027df1d06a336103f8909d45a,10
522,0x5be876ed0a9655133226be302ca6f5503e3da569,10
522,0x5ab0e4e355b08e692933c1f6f85fd0be56ad18a6,10
522,0x5bb456cd09d85156e182d2c7797eb49a43840187,10
522,0x5c5bfbe400b76db4ce25f2b782aa35b202ef40a8,10
522,0x820adbe5bbaba72979949686e3d32f784542235d,10
522,0x80fb5880f38185661962e475ac1557817dc9faea,10
522,0x801a8b12c6a6bd62dad7f2a8b3d8496c8d0857af,10
522,0x7fd992b91b95448e5629a945b9934d4939f72cca,10
522,0x819aab2e85fb07dba64cd8248acb8c95eaab259a,10
522,0x808a023b72260170c95d831f589a1ae0dca1e43e,10
522,0x818854b363b90791a9ebc29e2f9c7f1055ee5a4d,10
522,0x7dc445e2b251e82bd45a4401e72cf60b6b4a13ab,10
522,0x7e8e66e8834f762077deec97f792d83092ebe431,10
522,0x7d4e5ee8ab737ab69ba56bb329e456c715af6786,10
522,0x7a250d5630b4cf539739df2c5dacb4c659f2488d,10
522,0x3da2ad439301cfb5a3337af7c5eeb928520aa3da,10
522,0x3ae5f59d8813315e17eb3f2bec21c0e935cf0808,10
522,0x40555cb54453fe31a51d9d980f802d8ece43a3e4,10
522,0x584996af443312b5061680c0162955b992dabbf2,10
522,0x5277a51502098ec81ee1677a3bbf70dd7be792ac,10
522,0x528d2565f1d463c820288fcb74bb36eefa00100d,10
522,0x532c49c40db1d5c655776c4815c133a3d7851cb6,10
522,0x5191bc74f0825c7b15b89215969f69aa22df9d6e,10
522,0x506cc4485a7fd42fea6f2acc97d7de697b88419d,10
522,0x4d655582e9bd9c760588e27d0fca7a799935c494,10
522,0x4b52434401c3bb8b831fb6e848730796ad8ee5d1,10
522,0x5153de4574777c5a7339df52c9f6b00219a8f7a9,10
522,0x4f8bb28187cc89ddad0f35aa76a4693a54595c24,10
522,0x4bb8905416bb3c5096052300dafac516e5bdf758,10
522,0xe040f672328d3ce85b5463f9ff7d494c33d27d3b,10
522,0xdeb0804d5e54d49c1923da459730e66b60eead6b,10
522,0xdcad95c9894d80fb30817f59e7619fd9128f64d1,10
522,0xe1690f5153ad0bbc683964aa81645c49b3cf6567,10
522,0xdbf14da8949d157b57acb79f6eee62412b210900,10
522,0xe2378b2d4f4c60f655b47f95d6a6d19a2be28621,10
522,0xdf0635793e91d4f8e7426dbd9ed08471186f428d,10
522,0xde61b99bc59f1c9d3d91c4d96503b3b882335e85,10
522,0xdf0259238271427c469abc18a2cb3047d5c12466,10
522,0xc54c2ff7023b8a414b277528ee9c1c14a65baa99,10
522,0xca8252afdf0dc2a94eadef82536bb53c0be7716a,10
522,0xc4ed448e7d7bdd954e943954459017be63584f69,10
522,0xc8dd3bc5681639acd29958ff188c9245eca9fb13,10
522,0xcb42ac441fcade3935243ea118701f39aa004486,10
522,0xc97a4ed29f03fd549c4ae79086673523122d2bc5,10
522,0xc3c1c67e477f07939ab2561df8883bdb072ca61d,10
522,0xc887fadc6baaa8cd234d9104a65b37265522b024,10
522,0xca4a5ba3650b6eecb99e33f81659036c5f7794e7,10
522,0xc9498889edb4ca2ed087c0f5347320293bf90504,10
522,0xc578e8db8d8ab252b08e5f26ba23e5f47f3bbc5b,10
522,0xc02c6577c2172f420d6aedcb2e65591270f1e804,10
522,0xc1e42f862d202b4a0ed552c1145735ee088f6ccf,10
522,0xbbbc35dfac3a00a03a8fde3540eca4f0e15c5e64,10
522,0xbfa43bf6e9fb6d5cc253ff23c31f2b86a739bb98,10
522,0xe04a9418cffe0f43fd42527bd3cfc05593eac052,10
522,0xc02b988fe3e55639fb71efac2e214d8edfd8237e,10
522,0xc318ff85f05bf40373a44db9e363a2be451a3ea2,10
522,0xbbd4a86c2e3bfcb4d9310855080aee780d01e53e,10
522,0x4d6627043e89a9bf3343b55749e17be667f55ea8,10
522,0xc247c61c9c094437b5b720bb7e85e2a72d8a1798,10
522,0xb3397a6feedff2b9fce9ca1086cb1bdd617c16bf,10
522,0xb6f6164a0bf9861bfb74d27327a4316fe5352530,10
522,0x512e07a093aaa20ba288392eadf03838c7a4e522,10
522,0xbad7136d3527cc5bc18a81c8815956729cb72a72,10
522,0xb6e4748798beefd579482b41da7455caccb7adb7,10
522,0xba12222222228d8ba445958a75a0704d566bf2c8,10
522,0xbad047cb253947622d304294b018569b36052bf1,10
522,0xbaf049b1792a3f9d8b7aba86c7b1b90ed2511b94,10
522,0xb53b0255895c4f9e3a185e484e5b674bccfbc076,10
522,0xb1bb18f2ec30eaa4b634a47fba11bf8987586cff,10
522,0x3d1d397acd3b0989d9e633d6dbf7e6f8f5c03a2d,10
522,0xb022ad182adb8f27620c0670dd7a74838f5180c8,10
522,0xaffaff8ba9310daf512b18cf01035f3992248b03,10
522,0xb1b7586656116d546033e3baff69bfcd6592225e,10
522,0x3c30765cae26cc563411e08f3084387bdd557e74,10
522,0xb0da6794da4e6f7244b96256adb8973d07428a20,10
522,0xb12829d2d48097527ec8bd63b287024b1e5e926d,10
522,0xab30f11201d6d53215729d45dc05a0966c237922,10
522,0x7cba0eb7a94068324583be7771c5ecda25e4c4d1,10
522,0xacca309b22fb58001916b940eb5cb1771a652526,10
522,0x6c0cf880cb20eefabfb09341fba9e2bd29ad3dfa,10
522,0x6c4cd639a31c658549824559ecc2d04bed1a9ab9,10
522,0x6c6541cc3ec6bfc2d7b0ca48ccb0225cbbea9b59,10
522,0x7193b82899461a6ac45b528d48d74355f54e7f56,10
522,0x69e69571d0d07edbede6c43849e8d877573ee6bf,10
522,0x6ede186df31cf30bc55a33ec92a86f62a68b30a0,10
522,0x7d1bb8b640900f6fcfc222e42f039e4e9c3b5c89,10
522,0x6d16749cefb3892a101631279a8fe7369a281d0e,10
522,0x711d5f5ebd6adc28bd87f0256d9c154a6218c12f,10
522,0x6fc46b64e3de0a4962d15a75129f39a9068c6f10,10
522,0x5edb3a936ac2560d5cfcdffd162919c6d9bec70a,10
522,0x70ddb5abf21202602b57f4860ee1262a594a0086,10
522,0x0c9eed14d5f41bdae840cc188bae5540bc725ddf,10
522,0x0f5880d179119dcbd0d98622bed5b39678ec572f,10
522,0x60455251c1fdbdce31251ab7d3bdd2b32a4da11a,10
522,0x0f4ee9631f4be0a63756515141281a3e2b293bbe,10
522,0x0aba55c93cf7292f71067b0ba0d8b464592895ca,10
522,0x09fabc7edf2c5eca333af2ead4af5ac6e2349cd7,10
522,0x0b7c75a9689a84854256c7d5db7c87feb1bbbb8b,10
522,0x0ce34f2d35b9553499a75bb5100f72326201747a,10
522,0x0e41c9b548cf0545377aeeb693a6006172f1af81,10
522,0x08d00000a4110000924db307d00102b30d2b805e,10
522,0x834bc57ee60abd149473d455991013c83889b049,10
522,0x0f96c56792aba08c53f1fc2a22c38827852cf8ac,10
522,0x0d87eb3f8c744a1c74c17b54ddfbb4e23407d3da,10
522,0x0c1e99991dd2f7d374bff13f9f52284ce6cfdae5,10
522,0x646e3bd22b9d2c40de855dc467af1528307ae4d5,10
522,0x145b8d0fe270b7bc4c362ecfa12e5f97e6788c48,10
522,0x1294a59280aaf7097016c204e4140261ead69cb3,10
522,0x1395f53b0472827c78964316a7f5595f302e10c9,10
522,0x67e0d532f78f081162a5d3c0a1b1896bcccee602,10
522,0x12a59989f8f06130bda8d6e936b2045c734f19ac,10
522,0x17beaa158e68ff9225b4c85151831c7a0d8f258d,10
522,0x124d05e1cf1316141463224e3b9a9592044ee325,10
522,0x163ee09deeea9dab68df0ae49f48c8e07ad54aa2,10
522,0x1426fbd146942e153653863cbe633780c17268da,10
522,0x1824655211ef781631c89372fe56f030cbb137dc,10
522,0x00a3cce0ea1bccd99047aa9e1553188925ce3689,10
522,0x4419d779fc390bb03f08bd4e9ed2c20c25461b51,10
522,0x035483926d143b394eb9fc8b974b44ebf338dfc7,10
522,0x06bf7280c18855fc8d9817bc3e2c65afcba3e004,10
522,0x02023798e0890ddebfa4cc6d4b2b05434e940202,10
522,0x372140e9705d6b6f1cf76c28d103637b01e804d9,10
522,0x0000000000cbba74c365869ae50225f5596ad59c,10
522,0x06a26b3bdbf17da0e1f94bed89a8a2400ea52a74,10
522,0x064915a4dd54fabca5613be602d8b904cac25610,10
522,0x31d173ea66fa8fba38b3ddb798c1c1098f3ae8c5,10
522,0x00000000009c7f96284472465e1b5c44e8cfcda1,10
522,0x04095b785125eaac01773babe15fb313e9aebc40,10
522,0x000000ed5113006b6f24002dd7577bb547e2005a,10
522,0x059a8677d45a51490ad3eca47dc5aa02be0d696a,10
522,0x07dd57d434719b34aa8d5bf9ef75852c27690a09,10
522,0x0000fee6275dab194ab538a01dd8b18b02b20000,10
522,0x7822159ee394d14745cde63a706f965fb73c7ac8,10
522,0x1f97505874067e5c926b4e40d0524d4fe0fdbc62,10
522,0x7355ca5613e3c943f6df3652e7fc4e4a8b800976,10
522,0x720c9244473dfc596547c1f7b6261c7112a3dad4,10
522,0x72a53cdbbcc1b9efa39c834a540550e23463aacb,10
522,0x1c097a37e652051bbf3d7a05ad11760242050712,10
522,0x72959497201a7e931d8460dfa28935ca8db2a91d,10
522,0x76da9f88e63a85ba8bfa19f3821d5a271753d3dc,10
522,0x7689f17560b5ee53799f0b37c975927e1258fbb5,10
522,0xe7a760fe246469a0dc198856feb49fd68f23b9a7,10
522,0x74bc446e982bdb4d4544d432ec33db50b186bfff,10
522,0x792d8cde8624fd02185328b426a0b9e9b8a1a25f,10
522,0x7758e507850da48cd47df1fb5f875c23e3340c50,10
522,0xa33c7f924399b59a8ee627388a108beab5e12eaf,10
522,0xa30ed39ad89dec41ff4601aa17d012c62c4ad82c,10
522,0xa8ae6549c66c59aa55d50377948dfbe362d56b03,10
522,0xa343330f1e2848f02d09ad0f197be4f75ecdfb3c,10
522,0x30040b54554928929e94ed3f0b9282f666e950ed,10
522,0xa2d342f624cf250e5b2ac316d0be2968a185fe9e,10
522,0xa4e9d4f5c380c95ca438ced0e3ae6f697b8c8c58,10
522,0xa2db796f0b89db0d4c1a0b94213e4878b2e9b36b,10
522,0x24d734a75166e66000c8d7f12a173e41358e3cc1,10
522,0xa6645cedc6e11d12c449c50aadc34f5c8112309b,10
522,0xa8acdcbddc6278a7dea7db1dabb8123b5e3a25af,10
522,0xa61443cdf751dcb8d95f24633522562fb93f5124,10
522,0x22e04c24a6c65f982c8c089bf861177347f9034d,10
522,0xa57033c944106a32658321ec4248ae3571521e9e,10
522,0xa8bf0cd4d76d92cb345e81999029f3174a219305,10
522,0xa06bd9f46e6592a0526ad14081802474ddea4a40,10
522,0xa110f8279040e8e2b37d8ea3a943e67deaaf12bc,10
522,0x9ba6baa919bac9acd901df3bfde848fe006d3cae,10
522,0x9b3c1b52d59293ca120b14e744ef58b74d53dfc3,10
522,0x9a1e8645dedec6d45e2058d031b1ca97f815bd2e,10
522,0x93f0ba8e3ebb162d5ce69b3dfd1e420e8c7cf38b,10
522,0x98116cae5813810941a0404f4208a5355c595a9d,10
522,0x98b984e24e68c7ac813d1d2c42e8cdfbb37d13fd,10
522,0x9883a8b0f58b662d60847db992e66591e2ede106,10
522,0x8df338f0a0f644c32e00ae18c0d5ee33d84cf9d6,10
522,0x9340494e3e86694fa8e387f6a12fdfc993dce58f,10
522,0x96e95cb26a0c6d4b71f8893f79d754df9d3fa188,10
522,0x9aaa61c1e986eeca49e7143922138fbdbe5834aa,10
522,0x908e8e8084d660f8f9054aa8ad1b31380d04b08f,10
522,0x95b564f3b3bae3f206aa418667ba000afafacc8a,10
522,0x92dbe2104c0393e4709808402913c4cf78e4da25,10
522,0x975cc4ef1ae67e1edecadb7072a93faed5552fa1,10
522,0x98ab1b25f0bd61025e1108b15537f5805caaeff6,10
522,0x9725bdd039fcfe6dee3de5398c3ba06113390aec,10
522,0xeca533c2184f11f76d4761e79fc2b465f678cdbb,10
522,0xeccc484dd4093f62fc24c4725800013fbc2c1d15,10
522,0xd16f3468a10b72df905219a5aae91e3d8215a5bd,10
522,0xf2972a2b8eda253678877995147869ed99b50e39,10
522,0xf3a639e89ad9f25c480ed238fffddca553c0b5f4,10
522,0xf3368c6d25a7622a42af5a93d22a2557438d3f8e,10
522,0xf932e4aea29d66de523d0022b86e6c5032f8c2bc,10
522,0xeeb668fcdd1db974c401b655ee3ad4114433ce36,10
522,0xee620a0991d57f464aad452789a4564ba51245e8,10
522,0xeebf0b67cddb82b9ec7f673db3c9aee07846d402,10
522,0xdb68c1db7b9749e104f228b51d4128096a2542a2,10
522,0xed96d9ca875a2c7dc5c1c2934819f79bdeef24bf,10
522,0xfe53e594f981e234fcc5e33d3c37943c81766485,10
522,0xfde05daac511c4034d7dcee333b44943914fd101,10
522,0xfe22a36fbfb8f797e5b39c061d522adc8577c1f6,10
522,0xfd1ee88ef153655e0bc6dc03b7ab6224780538df,10
522,0xfca399b892f4e8306fc31b312a3399f422976886,10
522,0xffd55d121713682b27fd4ad42270461830c45a3e,10
806,0xbec9b6ac6c8a909d68691d359113376f7dd15ecf,9
806,0xbda0136ea391e24a938793972726f8763150c7c3,9
806,0xc0aac4ec8335d78dd049ec5d99178106d7d654fc,9
806,0xbc21d2d3bb07304609f9e26459e6a042b5b638be,9
806,0xc25c0092307a5b8afd8a4bd01351a92579040951,9
806,0xc1340f3ea33e5dd32efa9df36555dfcf1abacd78,9
806,0xc17d6c3f1f9ee78982621e8da7a597ae3e47e2cc,9
806,0xc191637e72c59c2060e73e89b6e26e64204d8105,9
806,0xb85065e079a5541edbe425f54d9f982be1c5fb7f,9
806,0xb460336e8850ba79c56cfa6e47de2fcd3d2d3d63,9
806,0xb3d1e756447f964b8c619baab7b82a7cca1cbcd6,9
806,0xb4c595d0c896a2f0de1b4d1bbe79c8c018696318,9
806,0xb90fb77f873658d9cfa7ee20b5488c88995021de,9
806,0xb64943f4f26d837ceeac96cae86d1bab23a3414d,9
806,0xbb1e599e15f2bf248732ef060cadffeb6363cc4c,9
806,0xb84848ce4a46a44f06864b5decc2fe07b842cf30,9
806,0xb42a59f226def7a4c7fa72f3408bd32d6c181d9e,9
806,0xb4a9eb0acbbab501690cb4266162c6dbaed465c0,9
806,0xcb45adccd82d5379124702ba72904a43a5b6f584,9
806,0xc702b4c5e67ad4beeb9f858c59c6fa4aa81532a3,9
806,0xc579b72fe7986b64a84948f8a41c4bee396835b5,9
806,0xc9354e168767ed800e77b54b2f1c42215875ca56,9
806,0xc7bf5da444c923aaa80d77d288e86f3246dd4170,9
806,0xc625596ceaec2f71a3453c581e1c019ff2179006,9
806,0xc7d4e78cc93efb95f4bb8bd23ae348bad5662c03,9
806,0xc3f7debf793001d97badbd056e038fc5d9424689,9
806,0xc3a1b0600ba577587b6f9441abf5baa9f0804819,9
806,0xc54570b8eb8138ace95132b944b7b6bb391976dc,9
806,0xc80fdaccc65dcd6ed030fc416190f1c2ab7b12ac,9
806,0xc542149ca82a2b7034c7ee4d3bbd9c21b5006230,9
806,0xf48fd4eac65b8ada27173fadea8a3c3d00f601df,9
806,0xf6890e3114ebc79f56f49d0072b3aa0af85af949,9
806,0xfb0f55f9fd7f8f2035162ddd8608b9446478d7d8,9
806,0xf42a339f93c1fa4c5d9ace33db308a504e7b0bde,9
806,0xfba2c2bbf977eda19ad819bb46787f4c91d1ffad,9
806,0xf7b10d603907658f690da534e9b7dbc4dab3e2d6,9
806,0xfc17b4011c116cd8d9298a556108a79a2bacbdd0,9
806,0xf8d1d34956cea24718cf8687588d6fedbc6d9aa6,9
806,0xfa35113163bfd33c18a01d1a62d4d14a1ed30a42,9
806,0xf7adc901c921ca4eecc0f95a26aec81dacf57620,9
806,0xf5dcb2a47f738d8ba39f9fa2ddc7592f268a262a,9
806,0xf8e95aa8434b7f16113f3d5119a4464ddd2e8d81,9
806,0xa64046c5d554d2213393072a848833721e113500,9
806,0xa961c2843484de5c03d72d862e68f522677a9919,9
806,0xa9719c3d3df92eb21fc1fdeb0b37c15c5dac47a5,9
806,0xa84d8868adc0ed776b14adec683d6faaa988078c,9
806,0xa4e118f6d512b9daa861da241b4e5a01eb8f1306,9
806,0xa6585b22c2c7c92e80c33bb6620e2869bad08cf5,9
806,0xa5c3a513645a9a00cb561fed40438e9dfe0d6a69,9
806,0xa8af6321480d415726573a8048c5f20897df21a7,9
806,0xa29f52842dab593d46486c9ccce97a258cba95d4,9
806,0x9e64f582014ac136c6f46e7c2ddf7885295cfc3e,9
806,0x9df68225898897bfdf813994fb5148f0ab5e4292,9
806,0xa23cf7f9a1880d5625c3aa41e857a04879c99378,9
806,0x9d4b49bc12512b5d9ec0b7eae3aa1cbdab09f9d1,9
806,0x9c1dfd923111dc259eae75a645a3dbf4b0481773,9
806,0x9e9983ec7c2084fbb4d17e5b972a179d0fc0afa1,9
806,0x9f1226c7f908d608f26f6c5d2916e520db0bc09c,9
806,0x9b90f175a65d64cff4d58388678e696ba88a4b7e,9
806,0xa1b7e322c675d0189b76f8d4d0f799c6f602239b,9
806,0x9adbdbb01e3a98d2e3956b756e35f207c43251fb,9
806,0x09d46915731c599215777a4afac838162782c6e4,9
806,0x08b5cabc97b3e4fef88d8f2ccb0442a669e052f8,9
806,0x08ebfdb527eb9215e05cc5959aefaf68df0f7e76,9
806,0x0c18cc3a37e6969df5cce67d1579d645115b4861,9
806,0x0b5d1a5a58ca0586cd33050dbc51927a25f32081,9
806,0x00493aa44bcfd6f0c2ecc7f8b154e4fb352d1c81,9
806,0x062330d00b5971ad255fcbcf476e06fda188c062,9
806,0x05a4448597935c508e4ad0d2cf56d56bedb246ce,9
806,0x0055e75217ca5cb5aa8290cd966f9d85751a7993,9
806,0x008b1ffe244bf31896c833bff4ad9009e7a0f4eb,9
806,0x013274aa75bbc3bd7acff906e564edbbb50dce08,9
806,0x014e61e389924e0d275fa1fcd7b7dece38f921e2,9
806,0x060253f772bb050ad5439e5c980356df02cf0725,9
806,0x000000002605006ff4ad30ac969f0726821ebd7c,9
806,0x06899b851e0cc9b1e9348c0e985e6c5454bbd889,9
806,0x00b9e69051e0b5787b8d2a9a0308e415294e6b8a,9
806,0x008b09c232b799d6b39d45f18c571f9a25c93ad9,9
806,0x058b10cbe1872ad139b00326686ee8ccef274c58,9
806,0x055d3306067a1e0ea6b1ee2c838f2d5f2457ed43,9
806,0x03da98f5e26cdcae4b8cdd504480a9f801ded4f7,9
806,0x00d18ca9782be1caef611017c2fbc1a39779a57c,9
806,0x7826cb61e5ef4908900dea10cc101577f882637f,9
806,0x7565870388d5e3e27b60b951516331dcfafbcf47,9
806,0x7467bf529bebacc5e92284a8f6d3c697ecd3215b,9
806,0x721d53e6465a1fe13ee3a1345c7b060aa965c591,9
806,0x75bbc7d37d3bf975b527cf2e99b947d61a22ef95,9
806,0x722ec79b5413de88386b521632a49c586b131a83,9
806,0x787e6870754cc306c1758db62dc6cd334ba76345,9
806,0x72550a5e445977fb9ce3378fc75ffea0c66c4d36,9
806,0x7671f58b63282c6e1c6c15e9e44fc84648176591,9
806,0x7606537aa57c29a0f54249bd7f236f82d782ee0a,9
806,0x7536efec28f28df15956689dbbc954bac7fbf35d,9
806,0x7670c354d3eb48e85819d18fb46bee711f537870,9
806,0x777999be819ffecee44a995560a9d0e97780a30c,9
806,0x17e5a662b373673475c51b6db9d79bd291dce573,9
806,0x0229a3d4fab214ac8ae4fe6a5bb1b7279592ac9d,9
806,0x11d9f43c216d2cbe066de087ed5b2147d9ffba01,9
806,0x152dba6630eb5aa94a7be6872442818088daf599,9
806,0x1677ef78d98eeb2505ec6a7f1a5cf5886ec94c4c,9
806,0x052564eb0fd8b340803df55def89c25c432f43f4,9
806,0x14e27302100a769b3821333ea9276d77bb7f8832,9
806,0x111061a4323e866c1933d55b5712c3b960a27e54,9
806,0x152676c60b6e1c4e70e197444217ab9dc0737a1b,9
806,0x0215c140840b896e1e371525d1f70cefbd09aafa,9
806,0x1182e027a8027f5e4be112f6e58f767463794ca6,9
806,0x11735a8a9f8b6dabc29f0cc67422f84142b43882,9
806,0x136ea24d79406759487051e6f4cd403d412045ca,9
806,0x15579f74c1b93b573c0a4d865011ec68f909fd02,9
806,0x10e28beca706b1be2fc2f66b442e18a955e50d9d,9
806,0x164ba6d1e6dd5f937908c34137d271ea3852c214,9
806,0x1633053d6202fb503f7aa50ca5b748cd72bdfc7f,9
806,0x0bf2d474fbb979b9bccc163667396025a0eb12a3,9
806,0x70e7a6621f4cb3c3e073d0539899f49fc88424c0,9
806,0x6fe3b559696461bb446472a3517434f990eeefc4,9
806,0x71c949f4482035379ad5afb84e6404679b294ab3,9
806,0x0ae72609b7b6269bb1a289761120d490150b04a3,9
806,0x6af235d2bbe050e6291615b71ca5829658810142,9
806,0x70794157efac5314ea9b0eb363d7b19832444aea,9
806,0x711a71e1873988f8da861e57b01a7838b8068b93,9
806,0xa0f75491720835b36edc92d06ddc468d201e9b73,9
806,0x6b47a326f049f0c7c7666f05631106daf967d64f,9
806,0x6d7db76ded29cd50a238b19b9249ac6f41bb1f0f,9
806,0x6f31d347457962c9811ff953742870ef5a755de3,9
806,0x7088c5611dae159a640d940cde0a3221a4af8896,9
806,0xf2c16ae7887450ce0018cdbad26cfdbab183ffee,9
806,0xf2bc07dac20b616e95c7f33b0340eaffad1756a7,9
806,0xee98bdcdf20997ddb097ed4582efed9de87739fe,9
806,0x9b52465793cbce01debd9b3c2b029dc69d19d255,9
806,0xf2b8e9fc946e895fd6a26b80fd1bdb1bc2b4e82e,9
806,0xf3baeab4afa486991845d5dbe31069265da39d57,9
806,0xec001d0000004536cad29291f4000000d029abb2,9
806,0x9c0900df1ecd97d5ca973eea2377c05579e10130,9
806,0xeeaa946b2b5c818370aa3af5a66c8a2c0f402533,9
806,0xef6c031b4dd67a87837637e2ec760a577549431e,9
806,0xeedd108e9ebf1e05b0bb533b30bb4b287117ef73,9
806,0xaa1a3823c39764c3063f7252571c7f4ace66d820,9
806,0xf2b0240ae0d9366a1d10001bd14acead5ffadd83,9
806,0xf232e32cbe89b74851137c10f4225a411912950a,9
806,0xf0eb8b3f343549ba1176675cacf96ddf52a8884d,9
806,0xf0d6999725115e3ead3d927eb3329d63afaec09b,9
806,0xeeaa2da749ecc8b2154b3da7f59c65274e58e8d0,9
806,0xeeafeb77e47d31b957a55461b212dee328fc316d,9
806,0xfdaae2218741a39b9aa22418951895b5a0e5617f,9
806,0xf486d56cce70c481b3455af901fcc4f03fee8107,9
806,0xfc4539dd9da671277b11f4961cf40070d12868dc,9
806,0xfd9a6cd1670fe8eb4012d8abb9cdf25741a6ff04,9
806,0xfebc300c1a955a30870282e1b1aa3eaca7196c98,9
806,0xf7b18e107eb36797f4ce36de756630b9c30969ad,9
806,0x96b0425c29ab7664d80c4754b681f5907172ec7c,9
806,0x9a89aa7b67ebaba68141fb92ed5253cc3f197f1c,9
806,0x92cfdceeb276a6bc2f13b6907cd8e6ac245dd0fe,9
806,0xf58a512988838e2f756e883318ebdf986f70c0bd,9
806,0x92ae56cee6957cb4aa986c3e89955446107958d8,9
806,0x9428e55418755b2f902d3b1f898a871ab5634182,9
806,0x9625807057dee9d863e27f1cf1ca1b01aef9adda,9
806,0x996290c17c874d989d6e3db7dc0b2ef0a9fb876d,9
806,0x92c1f48ad7ef2ae00801620325af996f843293a3,9
806,0x92e216ac6dcd7d67f138443f95fdc83bd7dd398f,9
806,0x952e430c56301eb302e25b6073b042dea5bc32b0,9
806,0xc665c22bd1fd8f6335eff34b092868855fe44031,9
806,0x9a26aac2b6fec5dd0463fd5c088a05049b835edb,9
806,0x93896189872bafbb47af51414fbaf0b85a28ad94,9
806,0x9878a02d37e3cc0960c2c9d43f1352f6bdbd8fef,9
806,0xc5186239113133677ea2cb4b36b079f01c8ae281,9
806,0x97b102e00d88f02debfd6b1e4b901dd6931bb982,9
806,0xb2d60143097b4f992bfbe955a22dbb2acd9a8eab,9
806,0xb02ce4585eee3a0e0e123a0db8c663e41bca063f,9
806,0xc4f88c35bd1485c846847c093b5a77a126cf1b05,9
806,0xaf65a9d43a9f6e055d7f5db37982dbf8f4ee6293,9
806,0xae9db1ff69cfca2720ff2e5d81807d7383138a39,9
806,0xaeab16e24a20adfb615506a11aab2e5c5bdf6de8,9
806,0xb01a9a7ef5779fa8680898827cc2b1aed638ee2d,9
806,0xb30367238ac1da91b0cf31bb4b0b4efb777488e5,9
806,0xad51613534d0e9440d4beacaad02f3a10367cb82,9
806,0xb03f5438f9a243de5c3b830b7841ec315034cd5f,9
806,0xb54defad873c1df316fd61d0ed85974585c11795,9
806,0xb14b1ded5247f98b00c1d14e0eb60b38a2c76ecf,9
806,0xab14a615a8993425e7afc2d044a5b64fcb3ee8ce,9
806,0xab2e11c99d8830d5d9b2494a565c974595e39eef,9
806,0xb82d30e2eabab4daa6ce755fdc1e947808e27f68,9
806,0xabb88f61b11031fec066810dcfb473afeb85be1f,9
806,0xdb80092466eb2cbc8ace0a4df7fc4de658989f59,9
806,0xdba1f2843d6fde558cc26be79542526a5560ba2b,9
806,0xb3e1b74963301d2ebd72eceae539007c3aff3424,9
806,0xd714dd60e22bbb1cbafd0e40de5cfa7bbdd3f3c8,9
806,0xd7670bb5856fa9353c03d88455f25794e4604c1e,9
806,0xd5a5b219b76db9e4273e317fe6e82e98d96e6e44,9
806,0xd7c08b4b34c8c8bc7f105a2ae194d79459bad513,9
806,0xd4648afa05071c7e2c3e74e64b017bf0291be3a6,9
806,0xd9f60c4d4e023973790cd6b040527ef70cce6040,9
806,0xd9b49a81ee72af3c026a2c144c9ffd678a78c8b1,9
806,0xbd12aa424c207e90b66402c1f0aec357e8b1ded7,9
806,0xd49f7d53d126b5101da394d8b0f34af64777d121,9
806,0xd50f649a2c9fd7ae88c223da80e985d71de45593,9
